1,11:45,/home/thanhnt/Documents/Hust document/VCC_Internship/final_project/images/h.txt
2,1727448441.3495452,/home/thanhnt/Documents/Hust document/VCC_Internship/final_project/images/download (1).jpeg.crdownload
3,1727448441.4150915,/home/thanhnt/Documents/Hust document/VCC_Internship/final_project/images/download (1).jpeg
4,1727448441.4756327,/home/thanhnt/Documents/Hust document/VCC_Internship/final_project/images/download (1).jpeg
5,1727449288.309837,/home/thanhnt/Documents/Hust document/VCC_Internship/final_project/images/download (3).jpeg.crdownload
6,1727449288.4039092,/home/thanhnt/Documents/Hust document/VCC_Internship/final_project/images/download (3).jpeg.crdownload
7,1727449439.286499,/home/thanhnt/Documents/Hust document/VCC_Internship/final_project/images/download (4).jpeg.crdownload
8,1727449439.9389772,/home/thanhnt/Documents/Hust document/VCC_Internship/final_project/images/download (4).jpeg.crdownload
9,1727449440.4567914,/home/thanhnt/Documents/Hust document/VCC_Internship/final_project/images/download (4).jpeg.crdownload
10,1727449440.986155,/home/thanhnt/Documents/Hust document/VCC_Internship/final_project/images/download (4).jpeg
11,1727449441.8456972,/home/thanhnt/Documents/Hust document/VCC_Internship/final_project/images/download (4).jpeg
12,1727449457.929238,/home/thanhnt/Documents/Hust document/VCC_Internship/final_project/images/download.png.crdownload
13,1727449458.770175,/home/thanhnt/Documents/Hust document/VCC_Internship/final_project/images/download.png.crdownload
14,1727449459.722347,/home/thanhnt/Documents/Hust document/VCC_Internship/final_project/images/download.png.crdownload
15,1727449460.2974875,/home/thanhnt/Documents/Hust document/VCC_Internship/final_project/images/download.png
16,1727449461.4543831,/home/thanhnt/Documents/Hust document/VCC_Internship/final_project/images/download.png
17,1727449534.2580843,/home/thanhnt/Documents/Hust document/VCC_Internship/final_project/images/images.jpeg.crdownload
18,1727449534.945141,/home/thanhnt/Documents/Hust document/VCC_Internship/final_project/images/images.jpeg.crdownload
19,1727449535.6095824,/home/thanhnt/Documents/Hust document/VCC_Internship/final_project/images/images.jpeg.crdownload
20,1727449536.3206182,/home/thanhnt/Documents/Hust document/VCC_Internship/final_project/images/images.jpeg
21,1727449537.5081165,/home/thanhnt/Documents/Hust document/VCC_Internship/final_project/images/images.jpeg
22,1727449715.015996,/home/thanhnt/Documents/Hust document/VCC_Internship/final_project/images/images.png.crdownload
23,1727449716.0411634,/home/thanhnt/Documents/Hust document/VCC_Internship/final_project/images/images.png.crdownload
24,1727449716.7993035,/home/thanhnt/Documents/Hust document/VCC_Internship/final_project/images/images.png.crdownload
25,1727449717.4845088,/home/thanhnt/Documents/Hust document/VCC_Internship/final_project/images/images.png
26,1727449718.6121755,/home/thanhnt/Documents/Hust document/VCC_Internship/final_project/images/images.png
27,1727490726.0161903,/home/thanhnt/Documents/Hust document/VCC_Internship/final_project/images/test.txt
28,1727498635.709426,/home/thanhnt/Documents/Hust document/VCC_Internship/final_project/images/download.jpeg.crdownload
29,1727498636.308913,/home/thanhnt/Documents/Hust document/VCC_Internship/final_project/images/download.jpeg.crdownload
30,1727498636.7669966,/home/thanhnt/Documents/Hust document/VCC_Internship/final_project/images/download.jpeg
31,1727498683.0351157,/home/thanhnt/Documents/Hust document/VCC_Internship/final_project/images/img24-png-20190726133727cbvncjKzsQ.png.crdownload
32,1727498683.5128229,/home/thanhnt/Documents/Hust document/VCC_Internship/final_project/images/img24-png-20190726133727cbvncjKzsQ.png.crdownload
33,1727498684.0262575,/home/thanhnt/Documents/Hust document/VCC_Internship/final_project/images/img24-png-20190726133727cbvncjKzsQ.png
34,1727498744.5052123,/home/thanhnt/Documents/Hust document/VCC_Internship/final_project/images/txt.txt
35,1727498944.7888188,/home/thanhnt/Documents/Hust document/VCC_Internship/final_project/images/download (1).jpeg.crdownload
36,1727498945.4565837,/home/thanhnt/Documents/Hust document/VCC_Internship/final_project/images/download (1).jpeg.crdownload
37,1727498945.962035,/home/thanhnt/Documents/Hust document/VCC_Internship/final_project/images/download (1).jpeg.crdownload
38,1727498946.4870348,/home/thanhnt/Documents/Hust document/VCC_Internship/final_project/images/download (1).jpeg
39,1727498947.805965,/home/thanhnt/Documents/Hust document/VCC_Internship/final_project/images/download (1).jpeg
40,1727625415.962899,/home/thanhnt/Documents/Hust document/VCC_Internship/final_project/images/download (2).jpeg.crdownload
41,1727625416.6015975,/home/thanhnt/Documents/Hust document/VCC_Internship/final_project/images/download (2).jpeg.crdownload
42,1727625417.1295757,/home/thanhnt/Documents/Hust document/VCC_Internship/final_project/images/download (2).jpeg.crdownload
43,1727625417.6672132,/home/thanhnt/Documents/Hust document/VCC_Internship/final_project/images/download (2).jpeg
44,1727625418.7848635,/home/thanhnt/Documents/Hust document/VCC_Internship/final_project/images/download (2).jpeg
45,1727790886.0377638,/home/thanhnt/Documents/Hust document/VCC_Internship/final_project/images/images.jpeg.crdownload
46,1727790886.5904276,/home/thanhnt/Documents/Hust document/VCC_Internship/final_project/images/images.jpeg.crdownload
47,1727790887.39722,/home/thanhnt/Documents/Hust document/VCC_Internship/final_project/images/images.jpeg.crdownload
48,1727790887.901119,/home/thanhnt/Documents/Hust document/VCC_Internship/final_project/images/images.jpeg
49,1727790888.7999642,/home/thanhnt/Documents/Hust document/VCC_Internship/final_project/images/images.jpeg
50,1727790955.3314075,/home/thanhnt/Documents/Hust document/VCC_Internship/final_project/images/download.jpeg.crdownload
51,1727790955.9308248,/home/thanhnt/Documents/Hust document/VCC_Internship/final_project/images/download.jpeg.crdownload
52,1727790956.503232,/home/thanhnt/Documents/Hust document/VCC_Internship/final_project/images/download.jpeg.crdownload
53,1727790957.297763,/home/thanhnt/Documents/Hust document/VCC_Internship/final_project/images/download.jpeg
54,1727790958.3398085,/home/thanhnt/Documents/Hust document/VCC_Internship/final_project/images/download.jpeg
55,1727792340.4345586,/home/thanhnt/Documents/Hust document/VCC_Internship/final_project/images/tet.txt
56,1727792672.5898373,/home/thanhnt/Documents/Hust document/VCC_Internship/final_project/images/hh.jpg
57,1727793281.034848,/home/thanhnt/Documents/Hust document/VCC_Internship/final_project/images/test.txt
58,1727793401.049012,/home/thanhnt/Documents/Hust document/VCC_Internship/final_project/images/hello.txt
59,1727793454.0805435,/home/thanhnt/Documents/Hust document/VCC_Internship/final_project/images/hello3.txt
60,1727793548.7516806,/home/thanhnt/Documents/Hust document/VCC_Internship/final_project/images/xx.txt
61,1727793582.710427,/home/thanhnt/Documents/Hust document/VCC_Internship/final_project/images/hhh.txt
62,2024-10-02 17:22:12,/home/thanhnt/Documents/Hust document/VCC_Internship/final_project/images/text.txt
63,2024-10-02 17:23:13,/home/thanhnt/Documents/Hust document/VCC_Internship/final_project/images/download.jpeg.crdownload
64,2024-10-02 17:23:13,/home/thanhnt/Documents/Hust document/VCC_Internship/final_project/images/download.jpeg.crdownload
65,2024-10-02 17:23:14,/home/thanhnt/Documents/Hust document/VCC_Internship/final_project/images/download.jpeg.crdownload
66,2024-10-02 17:23:14,/home/thanhnt/Documents/Hust document/VCC_Internship/final_project/images/download.jpeg
67,2024-10-02 17:23:15,/home/thanhnt/Documents/Hust document/VCC_Internship/final_project/images/download.jpeg
68,2024-10-03 13:00:38,/home/thanhnt/Documents/Hust document/VCC_Internship/final_project/images/kkkc.txt
69,2024-10-03 13:09:32,/home/thanhnt/Documents/Hust document/VCC_Internship/final_project/images/kkkk.txt
70,2024-10-03 13:10:25,/home/thanhnt/Documents/Hust document/VCC_Internship/final_project/images/kk.txt
71,2024-10-03 13:10:32,/home/thanhnt/Documents/Hust document/VCC_Internship/final_project/images/kli.txt
72,2024-10-03 13:10:33,/home/thanhnt/Documents/Hust document/VCC_Internship/final_project/images/kli.txt
73,2024-10-05 20:56:15,/home/thanhnt/Documents/Hust document/VCC_Internship/final_project/images/kkk.txt
74,2024-10-05 20:56:43,/home/thanhnt/Documents/Hust document/VCC_Internship/final_project/images/download (1).jpeg.crdownload
75,2024-10-05 20:56:43,/home/thanhnt/Documents/Hust document/VCC_Internship/final_project/images/download (1).jpeg.crdownload
76,2024-10-05 20:56:43,/home/thanhnt/Documents/Hust document/VCC_Internship/final_project/images/download (1).jpeg.crdownload
77,2024-10-05 20:56:43,/home/thanhnt/Documents/Hust document/VCC_Internship/final_project/images/download (1).jpeg
78,2024-10-05 20:56:43,/home/thanhnt/Documents/Hust document/VCC_Internship/final_project/images/download (1).jpeg
79,2024-10-05 21:04:42,/home/thanhnt/Documents/Hust document/VCC_Internship/final_project/images/maxresdefault.jpg.crdownload
80,2024-10-05 21:04:42,/home/thanhnt/Documents/Hust document/VCC_Internship/final_project/images/maxresdefault.jpg.crdownload
81,2024-10-05 21:04:42,/home/thanhnt/Documents/Hust document/VCC_Internship/final_project/images/maxresdefault.jpg.crdownload
82,2024-10-05 21:04:42,/home/thanhnt/Documents/Hust document/VCC_Internship/final_project/images/maxresdefault.jpg
83,2024-10-05 21:04:42,/home/thanhnt/Documents/Hust document/VCC_Internship/final_project/images/maxresdefault.jpg
84,2024-10-05 21:06:21,/home/thanhnt/Documents/Hust document/VCC_Internship/final_project/images/images.jpeg.crdownload
85,2024-10-05 21:06:21,/home/thanhnt/Documents/Hust document/VCC_Internship/final_project/images/images.jpeg.crdownload
86,2024-10-05 21:06:21,/home/thanhnt/Documents/Hust document/VCC_Internship/final_project/images/images.jpeg.crdownload
87,2024-10-05 21:06:21,/home/thanhnt/Documents/Hust document/VCC_Internship/final_project/images/images.jpeg
88,2024-10-05 21:06:21,/home/thanhnt/Documents/Hust document/VCC_Internship/final_project/images/images.jpeg
89,2024-10-06 19:18:43,/home/thanhnt/Documents/Hust document/VCC_Internship/final_project/images/ii.txt
90,2024-10-06 19:19:07,/home/thanhnt/Documents/Hust document/VCC_Internship/final_project/images/download (2).jpeg.crdownload
91,2024-10-06 19:19:07,/home/thanhnt/Documents/Hust document/VCC_Internship/final_project/images/download (2).jpeg.crdownload
92,2024-10-06 19:19:07,/home/thanhnt/Documents/Hust document/VCC_Internship/final_project/images/download (2).jpeg.crdownload
93,2024-10-06 19:19:07,/home/thanhnt/Documents/Hust document/VCC_Internship/final_project/images/download (2).jpeg
94,2024-10-06 19:19:08,/home/thanhnt/Documents/Hust document/VCC_Internship/final_project/images/download (2).jpeg
95,2024-10-06 19:33:06,/home/thanhnt/Documents/Hust document/VCC_Internship/final_project/images/download (4).jpeg.crdownload
96,2024-10-06 19:33:11,/home/thanhnt/Documents/Hust document/VCC_Internship/final_project/images/download (4).jpeg.crdownload
97,2024-10-06 19:33:12,/home/thanhnt/Documents/Hust document/VCC_Internship/final_project/images/download (4).jpeg.crdownload
98,2024-10-06 19:33:15,/home/thanhnt/Documents/Hust document/VCC_Internship/final_project/images/download (4).jpeg
99,2024-10-06 19:33:18,/home/thanhnt/Documents/Hust document/VCC_Internship/final_project/images/download (4).jpeg
100,2024-10-06 19:36:36,/home/thanhnt/Documents/Hust document/VCC_Internship/final_project/images/download (5).jpeg.crdownload
101,2024-10-06 19:36:36,/home/thanhnt/Documents/Hust document/VCC_Internship/final_project/images/download (5).jpeg.crdownload
102,2024-10-06 19:36:36,/home/thanhnt/Documents/Hust document/VCC_Internship/final_project/images/download (5).jpeg.crdownload
103,2024-10-06 19:36:36,/home/thanhnt/Documents/Hust document/VCC_Internship/final_project/images/download (5).jpeg
104,2024-10-06 19:36:36,/home/thanhnt/Documents/Hust document/VCC_Internship/final_project/images/download (5).jpeg
105,2024-10-06 19:41:54,/home/thanhnt/Documents/Hust document/VCC_Internship/final_project/images/download (6).jpeg.crdownload
106,2024-10-06 19:41:54,/home/thanhnt/Documents/Hust document/VCC_Internship/final_project/images/download (6).jpeg.crdownload
107,2024-10-06 19:41:54,/home/thanhnt/Documents/Hust document/VCC_Internship/final_project/images/download (6).jpeg.crdownload
108,2024-10-06 19:41:54,/home/thanhnt/Documents/Hust document/VCC_Internship/final_project/images/download (6).jpeg
109,2024-10-06 19:41:54,/home/thanhnt/Documents/Hust document/VCC_Internship/final_project/images/download (6).jpeg
110,2024-10-06 21:24:17,/home/thanhnt/Documents/Hust document/VCC_Internship/final_project/images/download (8).jpeg.crdownload
111,2024-10-06 21:24:17,/home/thanhnt/Documents/Hust document/VCC_Internship/final_project/images/download (8).jpeg.crdownload
112,2024-10-06 21:24:17,/home/thanhnt/Documents/Hust document/VCC_Internship/final_project/images/download (8).jpeg.crdownload
113,2024-10-06 21:24:17,/home/thanhnt/Documents/Hust document/VCC_Internship/final_project/images/download (8).jpeg
114,2024-10-06 21:24:17,/home/thanhnt/Documents/Hust document/VCC_Internship/final_project/images/download (8).jpeg
115,2024-10-06 21:25:13,/home/thanhnt/Documents/Hust document/VCC_Internship/final_project/images/download (9).jpeg
116,2024-10-06 21:27:58,./images/hhhut.txt
117,2024-10-06 21:28:42,./images/download (1).jpeg.crdownload
118,2024-10-06 21:28:42,./images/download (1).jpeg.crdownload
119,2024-10-06 21:28:42,./images/download (1).jpeg.crdownload
120,2024-10-06 21:28:42,./images/download (1).jpeg
121,2024-10-06 21:28:53,./images/download (10).jpeg
122,2024-10-06 21:30:55,./images/download (133).jpeg
123,2024-10-06 21:33:13,./images/download (155).jpeg
